DNI,NAME,SURNAMES,CITY
08714737,Daniel,Corredor Padrino,Madrid
03659238,Javier,Nogues Algüacil,Madrid
93726487,Fernando,Alonso Díaz,Asturias
01234567,Nombre1,Apellido1,Ciudad1
12345678,Nombre2,Apellido2,Ciudad2
23456789,Nombre3,Apellido3,Ciudad3
34567890,Nombre4,Apellido4,Ciudad4
45678901,Nombre5,Apellido5,Ciudad5
56789012,Nombre6,Apellido6,Ciudad6
67890123,Nombre7,Apellido7,Ciudad7
78901234,Nombre8,Apellido8,Ciudad8
89012345,Nombre9,Apellido9,Ciudad9
90123456,Nombre10,Apellido10,Ciudad10
01234567,Nombre11,Apellido11,Ciudad11
12345678,Nombre12,Apellido12,Ciudad12
23456789,Nombre13,Apellido13,Ciudad13
34567890,Nombre14,Apellido14,Ciudad14
45678901,Nombre15,Apellido15,Ciudad15
X3562946,Nombre16,Apellido16,Ciudad16
Y9265937,Nombre17,Apellido17,Ciudad17
Z5429456,Nombre18,Apellido18,Ciudad18
no,Nombre19,Apellido19,Ciudad19